INPUT:query	INPUT:image_url	INPUT:search_url	INPUT:image_ext_id	GOLDEN:result	TASK:id	TASK:overlap	TASK:assignments_count	TASK:correct_answers_percent
burberry	https://storage.yandexcloud.net/aaa-project-100/44557539930.jpg	https://www.google.ru/search?q=burberry	44557539930	irrelevant	0000487dbf--684954e155b92009025f442d	infinite	15	100.0
burberry	https://storage.yandexcloud.net/aaa-project-100/44557151390.jpg	https://www.google.ru/search?q=burberry	44557151390	irrelevant	0000487dbf--684954e155b92009025f4431	infinite	13	100.0
nike dn	https://storage.yandexcloud.net/aaa-project-100/44608004950.jpg	https://www.google.ru/search?q=nike dn	44608004950	irrelevant	0000487dbf--684954e155b92009025f4432	infinite	14	85.71429
nike dn	https://storage.yandexcloud.net/aaa-project-100/44582040531.jpg	https://www.google.ru/search?q=nike dn	44582040531	irrelevant	0000487dbf--684954e155b92009025f4437	infinite	23	100.0
сумка furls	https://storage.yandexcloud.net/aaa-project-100/44615957644.jpg	https://www.google.ru/search?q=сумка furls	44615957644	irrelevant	0000487dbf--684954e155b92009025f443e	infinite	17	94.117645
сумка furls	https://storage.yandexcloud.net/aaa-project-100/44616660985.jpg	https://www.google.ru/search?q=сумка furls	44616660985	irrelevant	0000487dbf--684954e155b92009025f4442	infinite	13	92.30769
сумка furls	https://storage.yandexcloud.net/aaa-project-100/44616706373.jpg	https://www.google.ru/search?q=сумка furls	44616706373	irrelevant	0000487dbf--684954e155b92009025f4443	infinite	19	100.0
cassis	https://storage.yandexcloud.net/aaa-project-100/44595721876.jpg	https://www.google.ru/search?q=cassis	44595721876	irrelevant	0000487dbf--684954e155b92009025f444a	infinite	23	100.0
cassis	https://storage.yandexcloud.net/aaa-project-100/44596621017.jpg	https://www.google.ru/search?q=cassis	44596621017	irrelevant	0000487dbf--684954e155b92009025f444c	infinite	8	100.0
cassis	https://storage.yandexcloud.net/aaa-project-100/44596514929.jpg	https://www.google.ru/search?q=cassis	44596514929	irrelevant	0000487dbf--684954e155b92009025f444d	infinite	16	100.0
регбийки	https://storage.yandexcloud.net/aaa-project-100/44596024930.jpg	https://www.google.ru/search?q=регбийки	44596024930	irrelevant	0000487dbf--684954e155b92009025f4452	infinite	12	100.0
поло henderson	https://storage.yandexcloud.net/aaa-project-100/44695370002.jpg	https://www.google.ru/search?q=поло henderson	44695370002	irrelevant	0000487dbf--684954e155b92009025f4460	infinite	17	88.23529
мотоботы эндуро	https://storage.yandexcloud.net/aaa-project-100/44596065824.jpg	https://www.google.ru/search?q=мотоботы эндуро	44596065824	irrelevant	0000487dbf--684954e155b92009025f4465	infinite	18	100.0
мотоботы эндуро	https://storage.yandexcloud.net/aaa-project-100/44596621017.jpg	https://www.google.ru/search?q=мотоботы эндуро	44596621017	irrelevant	0000487dbf--684954e155b92009025f446a	infinite	19	100.0
мотоботы эндуро	https://storage.yandexcloud.net/aaa-project-100/44596514929.jpg	https://www.google.ru/search?q=мотоботы эндуро	44596514929	irrelevant	0000487dbf--684954e155b92009025f446b	infinite	5	100.0
чёрные форсы	https://storage.yandexcloud.net/aaa-project-100/44595211462.jpg	https://www.google.ru/search?q=чёрные форсы	44595211462	irrelevant	0000487dbf--684954e155b92009025f4471	infinite	14	100.0
чёрные форсы	https://storage.yandexcloud.net/aaa-project-100/44596514929.jpg	https://www.google.ru/search?q=чёрные форсы	44596514929	irrelevant	0000487dbf--684954e155b92009025f4474	infinite	12	100.0
zarа	https://storage.yandexcloud.net/aaa-project-100/44621640241.jpg	https://www.google.ru/search?q=zarа	44621640241	irrelevant	0000487dbf--684954e155b92009025f4482	infinite	18	100.0
zarа	https://storage.yandexcloud.net/aaa-project-100/44596621017.jpg	https://www.google.ru/search?q=zarа	44596621017	irrelevant	0000487dbf--684954e155b92009025f4488	infinite	14	100.0
джинсы dragonit	https://storage.yandexcloud.net/aaa-project-100/44649544245.jpg	https://www.google.ru/search?q=джинсы dragonit	44649544245	irrelevant	0000487dbf--684954e155b92009025f448e	infinite	12	75.0
джинсы dragonit	https://storage.yandexcloud.net/aaa-project-100/44649563088.jpg	https://www.google.ru/search?q=джинсы dragonit	44649563088	irrelevant	0000487dbf--684954e155b92009025f448f	infinite	15	73.333336
джинсы dragonit	https://storage.yandexcloud.net/aaa-project-100/44555737053.jpg	https://www.google.ru/search?q=джинсы dragonit	44555737053	irrelevant	0000487dbf--684954e155b92009025f4493	infinite	19	78.947365
crocs	https://storage.yandexcloud.net/aaa-project-100/44621640241.jpg	https://www.google.ru/search?q=crocs	44621640241	irrelevant	0000487dbf--684954e155b92009025f4496	infinite	11	100.0
зонт уличныйс бахромой	https://storage.yandexcloud.net/aaa-project-100/44596514929.jpg	https://www.google.ru/search?q=зонт уличныйс бахромой	44596514929	irrelevant	0000487dbf--6849550b55b92009025f4ded	infinite	17	94.117645
зонт уличныйс бахромой	https://storage.yandexcloud.net/aaa-project-100/44612128656.jpg	https://www.google.ru/search?q=зонт уличныйс бахромой	44612128656	irrelevant	0000487dbf--6849550b55b92009025f4def	infinite	14	92.85714
ushatava	https://storage.yandexcloud.net/aaa-project-100/44548414397.jpg	https://www.google.ru/search?q=ushatava	44548414397	irrelevant	0000487dbf--6849550b55b92009025f4e0b	infinite	13	92.30769
трусы	https://storage.yandexcloud.net/aaa-project-100/44541452825.jpg	https://www.google.ru/search?q=трусы	44541452825	irrelevant	0000487dbf--6849550b55b92009025f4e69	infinite	13	7.6923075
viktoria tretyak	https://storage.yandexcloud.net/aaa-project-100/44637441716.jpg	https://www.google.ru/search?q=viktoria tretyak	44637441716	irrelevant	0000487dbf--6849550b55b92009025f4e90	infinite	15	100.0
vibram fivefingers	https://storage.yandexcloud.net/aaa-project-100/44595211462.jpg	https://www.google.ru/search?q=vibram fivefingers	44595211462	irrelevant	0000487dbf--6849550b55b92009025f4ea8	infinite	19	94.73684
sergio tacchini олимпийка	https://storage.yandexcloud.net/aaa-project-100/44650674327.jpg	https://www.google.ru/search?q=sergio tacchini олимпийка	44650674327	irrelevant	0000487dbf--6849550b55b92009025f4eb1	infinite	17	82.35294
sergio tacchini олимпийка	https://storage.yandexcloud.net/aaa-project-100/44652208540.jpg	https://www.google.ru/search?q=sergio tacchini олимпийка	44652208540	irrelevant	0000487dbf--6849550b55b92009025f4eb3	infinite	16	81.25
champion	https://storage.yandexcloud.net/aaa-project-100/44595721876.jpg	https://www.google.ru/search?q=champion	44595721876	irrelevant	0000487dbf--6849550b55b92009025f4eef	infinite	24	100.0
rrl	https://storage.yandexcloud.net/aaa-project-100/44621640241.jpg	https://www.google.ru/search?q=rrl	44621640241	irrelevant	0000487dbf--6849550b55b92009025f4f09	infinite	17	100.0
rrl	https://storage.yandexcloud.net/aaa-project-100/44596065824.jpg	https://www.google.ru/search?q=rrl	44596065824	irrelevant	0000487dbf--6849550b55b92009025f4f0a	infinite	7	100.0
rrl	https://storage.yandexcloud.net/aaa-project-100/44595721876.jpg	https://www.google.ru/search?q=rrl	44595721876	irrelevant	0000487dbf--6849550b55b92009025f4f0d	infinite	8	100.0
rrl	https://storage.yandexcloud.net/aaa-project-100/44637441716.jpg	https://www.google.ru/search?q=rrl	44637441716	irrelevant	0000487dbf--6849550b55b92009025f4f12	infinite	18	100.0
берет юнармия	https://storage.yandexcloud.net/aaa-project-100/44596065824.jpg	https://www.google.ru/search?q=берет юнармия	44596065824	irrelevant	0000487dbf--6849550b55b92009025f4f14	infinite	16	100.0
берет юнармия	https://storage.yandexcloud.net/aaa-project-100/44595721876.jpg	https://www.google.ru/search?q=берет юнармия	44595721876	irrelevant	0000487dbf--6849550b55b92009025f4f17	infinite	9	100.0
boggi 54	https://storage.yandexcloud.net/aaa-project-100/44641262813.jpg	https://www.google.ru/search?q=boggi 54	44641262813	irrelevant	0000487dbf--6849550b55b92009025f4f28	infinite	13	100.0
кеды circa	https://storage.yandexcloud.net/aaa-project-100/44596065824.jpg	https://www.google.ru/search?q=кеды circa	44596065824	irrelevant	0000487dbf--6849550b55b92009025f4f31	infinite	13	100.0
кеды circa	https://storage.yandexcloud.net/aaa-project-100/44596024930.jpg	https://www.google.ru/search?q=кеды circa	44596024930	irrelevant	0000487dbf--6849550b55b92009025f4f32	infinite	19	100.0
кеды circa	https://storage.yandexcloud.net/aaa-project-100/44621640241.jpg	https://www.google.ru/search?q=кеды circa	44621640241	irrelevant	0000487dbf--6849550b55b92009025f4f34	infinite	19	100.0
кеды circa	https://storage.yandexcloud.net/aaa-project-100/44595717850.jpg	https://www.google.ru/search?q=кеды circa	44595717850	irrelevant	0000487dbf--6849550b55b92009025f4f36	infinite	15	100.0
соломенная шляпа	https://storage.yandexcloud.net/aaa-project-100/44595721876.jpg	https://www.google.ru/search?q=соломенная шляпа	44595721876	irrelevant	0000487dbf--6849550b55b92009025f4f3f	infinite	19	100.0
соломенная шляпа	https://storage.yandexcloud.net/aaa-project-100/44595717850.jpg	https://www.google.ru/search?q=соломенная шляпа	44595717850	irrelevant	0000487dbf--6849550b55b92009025f4f40	infinite	11	100.0
cns сумка	https://storage.yandexcloud.net/aaa-project-100/44617389694.jpg	https://www.google.ru/search?q=cns сумка	44617389694	irrelevant	0000487dbf--6849550b55b92009025f4f45	infinite	13	100.0
cns сумка	https://storage.yandexcloud.net/aaa-project-100/44616660985.jpg	https://www.google.ru/search?q=cns сумка	44616660985	irrelevant	0000487dbf--6849550b55b92009025f4f4b	infinite	14	100.0
cns сумка	https://storage.yandexcloud.net/aaa-project-100/44615861896.jpg	https://www.google.ru/search?q=cns сумка	44615861896	irrelevant	0000487dbf--6849550b55b92009025f4f4d	infinite	14	100.0
uterque	https://storage.yandexcloud.net/aaa-project-100/44596065824.jpg	https://www.google.ru/search?q=uterque	44596065824	irrelevant	0000487dbf--6849550b55b92009025f4f51	infinite	16	100.0
uterque	https://storage.yandexcloud.net/aaa-project-100/44595717850.jpg	https://www.google.ru/search?q=uterque	44595717850	irrelevant	0000487dbf--6849550b55b92009025f4f54	infinite	17	100.0
esprit	https://storage.yandexcloud.net/aaa-project-100/44602169524.jpg	https://www.google.ru/search?q=esprit	44602169524	irrelevant	0000487dbf--6849550b55b92009025f4f62	infinite	14	100.0
basefield	https://storage.yandexcloud.net/aaa-project-100/44596024930.jpg	https://www.google.ru/search?q=basefield	44596024930	irrelevant	0000487dbf--6849550b55b92009025f4f65	infinite	18	100.0
юбка	https://storage.yandexcloud.net/aaa-project-100/44594495760.jpg	https://www.google.ru/search?q=юбка	44594495760	relevant	0000487dbf--6849550b55b92009025f4f6f	infinite	11	90.90909
юбка	https://storage.yandexcloud.net/aaa-project-100/44550965941.jpg	https://www.google.ru/search?q=юбка	44550965941	relevant	0000487dbf--6849550b55b92009025f4f74	infinite	14	64.28571
Y-3 Лонгслив	https://storage.yandexcloud.net/aaa-project-100/44652400380.jpg	https://www.google.ru/search?q=Y-3 Лонгслив	44652400380	irrelevant	0000487dbf--6849550b55b92009025f4f7a	infinite	16	62.5
labuten	https://storage.yandexcloud.net/aaa-project-100/44596065824.jpg	https://www.google.ru/search?q=labuten	44596065824	irrelevant	0000487dbf--6849550b55b92009025f4f82	infinite	22	100.0
labuten	https://storage.yandexcloud.net/aaa-project-100/44595721876.jpg	https://www.google.ru/search?q=labuten	44595721876	irrelevant	0000487dbf--6849550b55b92009025f4f85	infinite	22	100.0
labuten	https://storage.yandexcloud.net/aaa-project-100/44637441716.jpg	https://www.google.ru/search?q=labuten	44637441716	irrelevant	0000487dbf--6849550b55b92009025f4f8a	infinite	15	100.0
y3	https://storage.yandexcloud.net/aaa-project-100/44638367785.jpg	https://www.google.ru/search?q=y3	44638367785	irrelevant	0000487dbf--6849550b55b92009025f4f93	infinite	17	100.0
джереми скотт	https://storage.yandexcloud.net/aaa-project-100/44596514929.jpg	https://www.google.ru/search?q=джереми скотт	44596514929	irrelevant	0000487dbf--6849550b55b92009025f4f9c	infinite	23	100.0
balenciaga	https://storage.yandexcloud.net/aaa-project-100/44578157054.jpg	https://www.google.ru/search?q=balenciaga	44578157054	relevant	0000487dbf--6849550b55b92009025f4fa4	infinite	15	33.333332
рик овенс	https://storage.yandexcloud.net/aaa-project-100/44596065824.jpg	https://www.google.ru/search?q=рик овенс	44596065824	irrelevant	0000487dbf--6849550b55b92009025f4faa	infinite	12	100.0
рик овенс	https://storage.yandexcloud.net/aaa-project-100/44596514929.jpg	https://www.google.ru/search?q=рик овенс	44596514929	irrelevant	0000487dbf--6849550b55b92009025f4fb0	infinite	20	100.0
nu metal	https://storage.yandexcloud.net/aaa-project-100/44621640241.jpg	https://www.google.ru/search?q=nu metal	44621640241	irrelevant	0000487dbf--6849550b55b92009025f4fb3	infinite	18	100.0
nu metal	https://storage.yandexcloud.net/aaa-project-100/44596514929.jpg	https://www.google.ru/search?q=nu metal	44596514929	irrelevant	0000487dbf--6849550b55b92009025f4fba	infinite	14	100.0
nu metal	https://storage.yandexcloud.net/aaa-project-100/44637441716.jpg	https://www.google.ru/search?q=nu metal	44637441716	irrelevant	0000487dbf--6849550b55b92009025f4fbc	infinite	11	100.0
nike blazer	https://storage.yandexcloud.net/aaa-project-100/44548921049.jpg	https://www.google.ru/search?q=nike blazer	44548921049	irrelevant	0000487dbf--6849553555b92009025f5a13	infinite	20	90.0
рокерская обувь	https://storage.yandexcloud.net/aaa-project-100/44617995652.jpg	https://www.google.ru/search?q=рокерская обувь	44617995652	irrelevant	0000487dbf--6849553555b92009025f5a1a	infinite	12	100.0
birkenstock	https://storage.yandexcloud.net/aaa-project-100/44621640241.jpg	https://www.google.ru/search?q=birkenstock	44621640241	irrelevant	0000487dbf--6849553555b92009025f5a1f	infinite	16	100.0
birkenstock	https://storage.yandexcloud.net/aaa-project-100/44595717850.jpg	https://www.google.ru/search?q=birkenstock	44595717850	irrelevant	0000487dbf--6849553555b92009025f5a24	infinite	15	100.0
джинсы	https://storage.yandexcloud.net/aaa-project-100/44551224635.jpg	https://www.google.ru/search?q=джинсы	44551224635	relevant	0000487dbf--6849553555b92009025f5a2a	infinite	16	56.25
джинсы	https://storage.yandexcloud.net/aaa-project-100/44559528871.jpg	https://www.google.ru/search?q=джинсы	44559528871	relevant	0000487dbf--6849553555b92009025f5a2f	infinite	17	82.35294
джинсы	https://storage.yandexcloud.net/aaa-project-100/44561013691.jpg	https://www.google.ru/search?q=джинсы	44561013691	relevant	0000487dbf--6849553555b92009025f5a32	infinite	9	66.666664
сланцы	https://storage.yandexcloud.net/aaa-project-100/44596024930.jpg	https://www.google.ru/search?q=сланцы	44596024930	irrelevant	0000487dbf--6849553555b92009025f5a35	infinite	11	100.0
борода	https://storage.yandexcloud.net/aaa-project-100/44596024930.jpg	https://www.google.ru/search?q=борода	44596024930	irrelevant	0000487dbf--6849553555b92009025f5a3f	infinite	15	100.0
борода	https://storage.yandexcloud.net/aaa-project-100/44595211462.jpg	https://www.google.ru/search?q=борода	44595211462	irrelevant	0000487dbf--6849553555b92009025f5a40	infinite	13	100.0
борода	https://storage.yandexcloud.net/aaa-project-100/44595721876.jpg	https://www.google.ru/search?q=борода	44595721876	irrelevant	0000487dbf--6849553555b92009025f5a41	infinite	15	100.0
борода	https://storage.yandexcloud.net/aaa-project-100/44637441716.jpg	https://www.google.ru/search?q=борода	44637441716	irrelevant	0000487dbf--6849553555b92009025f5a46	infinite	14	100.0
гэтсби	https://storage.yandexcloud.net/aaa-project-100/44596024930.jpg	https://www.google.ru/search?q=гэтсби	44596024930	irrelevant	0000487dbf--6849553555b92009025f5a49	infinite	12	100.0
гэтсби	https://storage.yandexcloud.net/aaa-project-100/44595717850.jpg	https://www.google.ru/search?q=гэтсби	44595717850	irrelevant	0000487dbf--6849553555b92009025f5a4c	infinite	12	100.0
гэтсби	https://storage.yandexcloud.net/aaa-project-100/44637441716.jpg	https://www.google.ru/search?q=гэтсби	44637441716	irrelevant	0000487dbf--6849553555b92009025f5a50	infinite	12	100.0
мокасины tods	https://storage.yandexcloud.net/aaa-project-100/44596621017.jpg	https://www.google.ru/search?q=мокасины tods	44596621017	irrelevant	0000487dbf--6849553555b92009025f5a57	infinite	10	100.0
мокасины tods	https://storage.yandexcloud.net/aaa-project-100/44596514929.jpg	https://www.google.ru/search?q=мокасины tods	44596514929	irrelevant	0000487dbf--6849553555b92009025f5a58	infinite	11	100.0
мокасины tods	https://storage.yandexcloud.net/aaa-project-100/44637441716.jpg	https://www.google.ru/search?q=мокасины tods	44637441716	irrelevant	0000487dbf--6849553555b92009025f5a5a	infinite	17	100.0
all saints	https://storage.yandexcloud.net/aaa-project-100/44621640241.jpg	https://www.google.ru/search?q=all saints	44621640241	irrelevant	0000487dbf--6849553555b92009025f5a5b	infinite	18	100.0
all saints	https://storage.yandexcloud.net/aaa-project-100/44596065824.jpg	https://www.google.ru/search?q=all saints	44596065824	irrelevant	0000487dbf--6849553555b92009025f5a60	infinite	16	100.0
шорты	https://storage.yandexcloud.net/aaa-project-100/44615240428.jpg	https://www.google.ru/search?q=шорты	44615240428	relevant	0000487dbf--6849553555b92009025f5a66	infinite	21	80.95238
шорты	https://storage.yandexcloud.net/aaa-project-100/44615275222.jpg	https://www.google.ru/search?q=шорты	44615275222	irrelevant	0000487dbf--6849553555b92009025f5a68	infinite	13	84.61539
шорты	https://storage.yandexcloud.net/aaa-project-100/44596845563.jpg	https://www.google.ru/search?q=шорты	44596845563	relevant	0000487dbf--6849553555b92009025f5a6b	infinite	18	88.888885
шорты	https://storage.yandexcloud.net/aaa-project-100/44555602602.jpg	https://www.google.ru/search?q=шорты	44555602602	relevant	0000487dbf--6849553555b92009025f5a6e	infinite	11	27.272728
вьетнамки 36	https://storage.yandexcloud.net/aaa-project-100/44590821878.jpg	https://www.google.ru/search?q=вьетнамки 36	44590821878	irrelevant	0000487dbf--6849553555b92009025f5a74	infinite	21	100.0
вьетнамки 36	https://storage.yandexcloud.net/aaa-project-100/44591494303.jpg	https://www.google.ru/search?q=вьетнамки 36	44591494303	irrelevant	0000487dbf--6849553555b92009025f5a76	infinite	13	100.0
вьетнамки 36	https://storage.yandexcloud.net/aaa-project-100/44603833578.jpg	https://www.google.ru/search?q=вьетнамки 36	44603833578	irrelevant	0000487dbf--6849553555b92009025f5a78	infinite	16	100.0
furla atena	https://storage.yandexcloud.net/aaa-project-100/44621640241.jpg	https://www.google.ru/search?q=furla atena	44621640241	irrelevant	0000487dbf--6849553555b92009025f5a79	infinite	14	100.0
furla atena	https://storage.yandexcloud.net/aaa-project-100/44595721876.jpg	https://www.google.ru/search?q=furla atena	44595721876	irrelevant	0000487dbf--6849553555b92009025f5a7d	infinite	16	100.0
furla atena	https://storage.yandexcloud.net/aaa-project-100/44596514929.jpg	https://www.google.ru/search?q=furla atena	44596514929	irrelevant	0000487dbf--6849553555b92009025f5a80	infinite	13	100.0
furla atena	https://storage.yandexcloud.net/aaa-project-100/44638367785.jpg	https://www.google.ru/search?q=furla atena	44638367785	irrelevant	0000487dbf--6849553555b92009025f5a81	infinite	13	100.0
puma	https://storage.yandexcloud.net/aaa-project-100/44588161716.jpg	https://www.google.ru/search?q=puma	44588161716	relevant	0000487dbf--6849553555b92009025f5a88	infinite	20	70.0
puma	https://storage.yandexcloud.net/aaa-project-100/44649733949.jpg	https://www.google.ru/search?q=puma	44649733949	irrelevant	0000487dbf--6849553555b92009025f5a8b	infinite	17	100.0
кроссовки	https://storage.yandexcloud.net/aaa-project-100/44596065824.jpg	https://www.google.ru/search?q=кроссовки	44596065824	irrelevant	0000487dbf--6849553555b92009025f5a8e	infinite	16	100.0
кроссовки	https://storage.yandexcloud.net/aaa-project-100/44595721876.jpg	https://www.google.ru/search?q=кроссовки	44595721876	irrelevant	0000487dbf--6849553555b92009025f5a91	infinite	14	100.0
кроссовки	https://storage.yandexcloud.net/aaa-project-100/44637441716.jpg	https://www.google.ru/search?q=кроссовки	44637441716	irrelevant	0000487dbf--6849553555b92009025f5a96	infinite	16	100.0
кроссовки strobbs	https://storage.yandexcloud.net/aaa-project-100/44595211462.jpg	https://www.google.ru/search?q=кроссовки strobbs	44595211462	irrelevant	0000487dbf--6849553555b92009025f5a99	infinite	10	100.0
кроссовки strobbs	https://storage.yandexcloud.net/aaa-project-100/44595717850.jpg	https://www.google.ru/search?q=кроссовки strobbs	44595717850	irrelevant	0000487dbf--6849553555b92009025f5a9c	infinite	13	100.0
одежда	https://storage.yandexcloud.net/aaa-project-100/44582659610.jpg	https://www.google.ru/search?q=одежда	44582659610	relevant	0000487dbf--6849553555b92009025f5aa7	infinite	14	21.428572
одежда	https://storage.yandexcloud.net/aaa-project-100/44651658061.jpg	https://www.google.ru/search?q=одежда	44651658061	relevant	0000487dbf--6849553555b92009025f5aa9	infinite	12	83.333336
кросоовки gas	https://storage.yandexcloud.net/aaa-project-100/44596065824.jpg	https://www.google.ru/search?q=кросоовки gas	44596065824	irrelevant	0000487dbf--6849553555b92009025f5aac	infinite	16	100.0
кросоовки gas	https://storage.yandexcloud.net/aaa-project-100/44596024930.jpg	https://www.google.ru/search?q=кросоовки gas	44596024930	irrelevant	0000487dbf--6849553555b92009025f5aad	infinite	13	100.0
кросоовки gas	https://storage.yandexcloud.net/aaa-project-100/44596621017.jpg	https://www.google.ru/search?q=кросоовки gas	44596621017	irrelevant	0000487dbf--6849553555b92009025f5ab1	infinite	7	100.0
кросоовки gas	https://storage.yandexcloud.net/aaa-project-100/44638367785.jpg	https://www.google.ru/search?q=кросоовки gas	44638367785	irrelevant	0000487dbf--6849553555b92009025f5ab3	infinite	19	100.0
nike  балоном	https://storage.yandexcloud.net/aaa-project-100/44580432444.jpg	https://www.google.ru/search?q=nike  балоном	44580432444	irrelevant	0000487dbf--6849553555b92009025f5ab6	infinite	19	84.210526
nike  балоном	https://storage.yandexcloud.net/aaa-project-100/44580532064.jpg	https://www.google.ru/search?q=nike  балоном	44580532064	irrelevant	0000487dbf--6849553555b92009025f5ab9	infinite	17	94.117645
неспортивное поведение	https://storage.yandexcloud.net/aaa-project-100/44596065824.jpg	https://www.google.ru/search?q=неспортивное поведение	44596065824	irrelevant	0000487dbf--6849553555b92009025f5ac0	infinite	16	100.0
неспортивное поведение	https://storage.yandexcloud.net/aaa-project-100/44596024930.jpg	https://www.google.ru/search?q=неспортивное поведение	44596024930	irrelevant	0000487dbf--6849553555b92009025f5ac1	infinite	18	94.44444
неспортивное поведение	https://storage.yandexcloud.net/aaa-project-100/44595211462.jpg	https://www.google.ru/search?q=неспортивное поведение	44595211462	irrelevant	0000487dbf--6849553555b92009025f5ac2	infinite	16	93.75
неспортивное поведение	https://storage.yandexcloud.net/aaa-project-100/44638367785.jpg	https://www.google.ru/search?q=неспортивное поведение	44638367785	irrelevant	0000487dbf--6849553555b92009025f5ac7	infinite	14	100.0
неспортивное поведение	https://storage.yandexcloud.net/aaa-project-100/44637441716.jpg	https://www.google.ru/search?q=неспортивное поведение	44637441716	irrelevant	0000487dbf--6849553555b92009025f5ac8	infinite	13	100.0
худи	https://storage.yandexcloud.net/aaa-project-100/44581827685.jpg	https://www.google.ru/search?q=худи	44581827685	relevant	0000487dbf--6849553555b92009025f5acb	infinite	14	100.0
термокороб	https://storage.yandexcloud.net/aaa-project-100/44621640241.jpg	https://www.google.ru/search?q=термокороб	44621640241	irrelevant	0000487dbf--6849553555b92009025f5ad3	infinite	22	100.0
термокороб	https://storage.yandexcloud.net/aaa-project-100/44596065824.jpg	https://www.google.ru/search?q=термокороб	44596065824	irrelevant	0000487dbf--6849553555b92009025f5ad4	infinite	15	100.0
термокороб	https://storage.yandexcloud.net/aaa-project-100/44595717850.jpg	https://www.google.ru/search?q=термокороб	44595717850	irrelevant	0000487dbf--6849553555b92009025f5ad8	infinite	16	100.0
термокороб	https://storage.yandexcloud.net/aaa-project-100/44596514929.jpg	https://www.google.ru/search?q=термокороб	44596514929	irrelevant	0000487dbf--6849553555b92009025f5ada	infinite	18	100.0
zara	https://storage.yandexcloud.net/aaa-project-100/44585381052.jpg	https://www.google.ru/search?q=zara	44585381052	irrelevant	0000487dbf--6849553555b92009025f5ae5	infinite	15	100.0
nike vomero 5	https://storage.yandexcloud.net/aaa-project-100/44550370795.jpg	https://www.google.ru/search?q=nike vomero 5	44550370795	irrelevant	0000487dbf--6849553555b92009025f5aee	infinite	18	100.0
label b	https://storage.yandexcloud.net/aaa-project-100/44568979717.jpg	https://www.google.ru/search?q=label b	44568979717	irrelevant	0000487dbf--6849553555b92009025f5afa	infinite	11	100.0
брюки флектарн	https://storage.yandexcloud.net/aaa-project-100/44549828598.jpg	https://www.google.ru/search?q=брюки флектарн	44549828598	irrelevant	0000487dbf--6849553555b92009025f5afb	infinite	16	87.5
брюки флектарн	https://storage.yandexcloud.net/aaa-project-100/44559386707.jpg	https://www.google.ru/search?q=брюки флектарн	44559386707	irrelevant	0000487dbf--6849553555b92009025f5b01	infinite	17	100.0
брюки флектарн	https://storage.yandexcloud.net/aaa-project-100/44552369137.jpg	https://www.google.ru/search?q=брюки флектарн	44552369137	irrelevant	0000487dbf--6849553555b92009025f5b03	infinite	12	66.666664
nike blazer	https://storage.yandexcloud.net/aaa-project-100/44608004950.jpg	https://www.google.ru/search?q=nike blazer	44608004950	irrelevant	0000487dbf--6849553555b92009025f5b0f	infinite	21	90.47619
кроссовки	https://storage.yandexcloud.net/aaa-project-100/44637441716.jpg	https://www.google.ru/search?q=кроссовки	44637441716	irrelevant	0000487dbf--6849553555b92009025f5b22	infinite	9	100.0
menghi	https://storage.yandexcloud.net/aaa-project-100/44596024930.jpg	https://www.google.ru/search?q=menghi	44596024930	irrelevant	0000487dbf--6849553555b92009025f5b25	infinite	15	100.0
menghi	https://storage.yandexcloud.net/aaa-project-100/44595721876.jpg	https://www.google.ru/search?q=menghi	44595721876	irrelevant	0000487dbf--6849553555b92009025f5b27	infinite	17	100.0
худи	https://storage.yandexcloud.net/aaa-project-100/44564039468.jpg	https://www.google.ru/search?q=худи	44564039468	relevant	0000487dbf--6849553555b92009025f5b2d	infinite	17	82.35294
lime	https://storage.yandexcloud.net/aaa-project-100/44548679119.jpg	https://www.google.ru/search?q=lime	44548679119	irrelevant	0000487dbf--6849553555b92009025f5b40	infinite	10	60.0
кеды	https://storage.yandexcloud.net/aaa-project-100/44596514929.jpg	https://www.google.ru/search?q=кеды	44596514929	irrelevant	0000487dbf--6849553555b92009025f5b48	infinite	10	100.0
yoji yamamoto sukkui	https://storage.yandexcloud.net/aaa-project-100/44621640241.jpg	https://www.google.ru/search?q=yoji yamamoto sukkui	44621640241	irrelevant	0000487dbf--6849553555b92009025f5b55	infinite	15	100.0
yoji yamamoto sukkui	https://storage.yandexcloud.net/aaa-project-100/44596065824.jpg	https://www.google.ru/search?q=yoji yamamoto sukkui	44596065824	irrelevant	0000487dbf--6849553555b92009025f5b56	infinite	12	100.0
yoji yamamoto sukkui	https://storage.yandexcloud.net/aaa-project-100/44596514929.jpg	https://www.google.ru/search?q=yoji yamamoto sukkui	44596514929	irrelevant	0000487dbf--6849553555b92009025f5b5c	infinite	20	100.0
yoji yamamoto sukkui	https://storage.yandexcloud.net/aaa-project-100/44638367785.jpg	https://www.google.ru/search?q=yoji yamamoto sukkui	44638367785	irrelevant	0000487dbf--6849553555b92009025f5b5d	infinite	7	100.0
marimann	https://storage.yandexcloud.net/aaa-project-100/44596514929.jpg	https://www.google.ru/search?q=marimann	44596514929	irrelevant	0000487dbf--6849553555b92009025f5b66	infinite	13	100.0
seidensticker	https://storage.yandexcloud.net/aaa-project-100/44621640241.jpg	https://www.google.ru/search?q=seidensticker	44621640241	irrelevant	0000487dbf--6849553555b92009025f5b69	infinite	11	100.0
seidensticker	https://storage.yandexcloud.net/aaa-project-100/44595211462.jpg	https://www.google.ru/search?q=seidensticker	44595211462	irrelevant	0000487dbf--6849553555b92009025f5b6c	infinite	12	100.0
seidensticker	https://storage.yandexcloud.net/aaa-project-100/44596621017.jpg	https://www.google.ru/search?q=seidensticker	44596621017	irrelevant	0000487dbf--6849553555b92009025f5b6f	infinite	20	100.0
seidensticker	https://storage.yandexcloud.net/aaa-project-100/44596514929.jpg	https://www.google.ru/search?q=seidensticker	44596514929	irrelevant	0000487dbf--6849553555b92009025f5b70	infinite	15	100.0
кроссовки bmai	https://storage.yandexcloud.net/aaa-project-100/44596024930.jpg	https://www.google.ru/search?q=кроссовки bmai	44596024930	irrelevant	0000487dbf--6849553555b92009025f5b73	infinite	15	100.0
кроссовки bmai	https://storage.yandexcloud.net/aaa-project-100/44596065824.jpg	https://www.google.ru/search?q=кроссовки bmai	44596065824	irrelevant	0000487dbf--6849553555b92009025f5b74	infinite	13	100.0
кроссовки bmai	https://storage.yandexcloud.net/aaa-project-100/44595717850.jpg	https://www.google.ru/search?q=кроссовки bmai	44595717850	irrelevant	0000487dbf--6849553555b92009025f5b78	infinite	14	100.0
кроссовки bmai	https://storage.yandexcloud.net/aaa-project-100/44638367785.jpg	https://www.google.ru/search?q=кроссовки bmai	44638367785	irrelevant	0000487dbf--6849553555b92009025f5b7b	infinite	16	100.0
simms кепка	https://storage.yandexcloud.net/aaa-project-100/44596065824.jpg	https://www.google.ru/search?q=simms кепка	44596065824	irrelevant	0000487dbf--6849553555b92009025f5b7e	infinite	7	100.0
simms кепка	https://storage.yandexcloud.net/aaa-project-100/44595721876.jpg	https://www.google.ru/search?q=simms кепка	44595721876	irrelevant	0000487dbf--6849553555b92009025f5b81	infinite	17	100.0
simms кепка	https://storage.yandexcloud.net/aaa-project-100/44596621017.jpg	https://www.google.ru/search?q=simms кепка	44596621017	irrelevant	0000487dbf--6849553555b92009025f5b83	infinite	16	100.0
miegofce	https://storage.yandexcloud.net/aaa-project-100/44596024930.jpg	https://www.google.ru/search?q=miegofce	44596024930	irrelevant	0000487dbf--6849553555b92009025f5b89	infinite	15	100.0
miegofce	https://storage.yandexcloud.net/aaa-project-100/44595717850.jpg	https://www.google.ru/search?q=miegofce	44595717850	irrelevant	0000487dbf--6849553555b92009025f5b8c	infinite	12	100.0
avanzo daziaro	https://storage.yandexcloud.net/aaa-project-100/44596024930.jpg	https://www.google.ru/search?q=avanzo daziaro	44596024930	irrelevant	0000487dbf--6849553555b92009025f5b93	infinite	13	100.0
avanzo daziaro	https://storage.yandexcloud.net/aaa-project-100/44596621017.jpg	https://www.google.ru/search?q=avanzo daziaro	44596621017	irrelevant	0000487dbf--6849553555b92009025f5b97	infinite	12	100.0
сланцы	https://storage.yandexcloud.net/aaa-project-100/44621640241.jpg	https://www.google.ru/search?q=сланцы	44621640241	irrelevant	0000487dbf--6849553555b92009025f5b9b	infinite	15	100.0
сланцы	https://storage.yandexcloud.net/aaa-project-100/44595211462.jpg	https://www.google.ru/search?q=сланцы	44595211462	irrelevant	0000487dbf--6849553555b92009025f5b9e	infinite	18	94.44444
nike cortez	https://storage.yandexcloud.net/aaa-project-100/44608004950.jpg	https://www.google.ru/search?q=nike cortez	44608004950	irrelevant	0000487dbf--6849553555b92009025f5ba5	infinite	15	93.333336
nike cortez	https://storage.yandexcloud.net/aaa-project-100/44581116153.jpg	https://www.google.ru/search?q=nike cortez	44581116153	irrelevant	0000487dbf--6849553555b92009025f5ba7	infinite	11	100.0
nike cortez	https://storage.yandexcloud.net/aaa-project-100/44581125632.jpg	https://www.google.ru/search?q=nike cortez	44581125632	irrelevant	0000487dbf--6849553555b92009025f5ba8	infinite	11	100.0
adidas tokyo	https://storage.yandexcloud.net/aaa-project-100/44548086747.jpg	https://www.google.ru/search?q=adidas tokyo	44548086747	irrelevant	0000487dbf--6849553555b92009025f5bb3	infinite	19	100.0
adidas tokyo	https://storage.yandexcloud.net/aaa-project-100/44547261704.jpg	https://www.google.ru/search?q=adidas tokyo	44547261704	irrelevant	0000487dbf--6849553555b92009025f5bb4	infinite	16	87.5
adidas tokyo	https://storage.yandexcloud.net/aaa-project-100/44547230405.jpg	https://www.google.ru/search?q=adidas tokyo	44547230405	irrelevant	0000487dbf--6849553555b92009025f5bb7	infinite	11	90.90909
фарадей 1147	https://storage.yandexcloud.net/aaa-project-100/44596024930.jpg	https://www.google.ru/search?q=фарадей 1147	44596024930	irrelevant	0000487dbf--6849553555b92009025f5bbb	infinite	14	100.0
фарадей 1147	https://storage.yandexcloud.net/aaa-project-100/44595717850.jpg	https://www.google.ru/search?q=фарадей 1147	44595717850	irrelevant	0000487dbf--6849553555b92009025f5bbe	infinite	12	100.0
фарадей 1147	https://storage.yandexcloud.net/aaa-project-100/44638367785.jpg	https://www.google.ru/search?q=фарадей 1147	44638367785	irrelevant	0000487dbf--6849553555b92009025f5bc1	infinite	10	100.0
кроссовки	https://storage.yandexcloud.net/aaa-project-100/44596514929.jpg	https://www.google.ru/search?q=кроссовки	44596514929	irrelevant	0000487dbf--6849553555b92009025f5bc9	infinite	12	100.0
кроссовки	https://storage.yandexcloud.net/aaa-project-100/44637441716.jpg	https://www.google.ru/search?q=кроссовки	44637441716	irrelevant	0000487dbf--6849553555b92009025f5bcc	infinite	14	100.0
галоши утепленные	https://storage.yandexcloud.net/aaa-project-100/44596024930.jpg	https://www.google.ru/search?q=галоши утепленные	44596024930	irrelevant	0000487dbf--6849553555b92009025f5bd9	infinite	18	100.0
галоши утепленные	https://storage.yandexcloud.net/aaa-project-100/44595211462.jpg	https://www.google.ru/search?q=галоши утепленные	44595211462	irrelevant	0000487dbf--6849553555b92009025f5bda	infinite	19	100.0
галоши утепленные	https://storage.yandexcloud.net/aaa-project-100/44596514929.jpg	https://www.google.ru/search?q=галоши утепленные	44596514929	irrelevant	0000487dbf--6849553555b92009025f5bdc	infinite	11	100.0
галоши утепленные	https://storage.yandexcloud.net/aaa-project-100/44595721876.jpg	https://www.google.ru/search?q=галоши утепленные	44595721876	irrelevant	0000487dbf--6849553555b92009025f5bdd	infinite	14	100.0
фуражка мчс	https://storage.yandexcloud.net/aaa-project-100/44621640241.jpg	https://www.google.ru/search?q=фуражка мчс	44621640241	irrelevant	0000487dbf--6849553555b92009025f5be1	infinite	13	100.0
фуражка мчс	https://storage.yandexcloud.net/aaa-project-100/44596065824.jpg	https://www.google.ru/search?q=фуражка мчс	44596065824	irrelevant	0000487dbf--6849553555b92009025f5be2	infinite	9	100.0
фуражка мчс	https://storage.yandexcloud.net/aaa-project-100/44596024930.jpg	https://www.google.ru/search?q=фуражка мчс	44596024930	irrelevant	0000487dbf--6849553555b92009025f5be3	infinite	16	100.0
фуражка мчс	https://storage.yandexcloud.net/aaa-project-100/44596621017.jpg	https://www.google.ru/search?q=фуражка мчс	44596621017	irrelevant	0000487dbf--6849553555b92009025f5be7	infinite	11	100.0
фуражка мчс	https://storage.yandexcloud.net/aaa-project-100/44596514929.jpg	https://www.google.ru/search?q=фуражка мчс	44596514929	irrelevant	0000487dbf--6849553555b92009025f5be8	infinite	14	100.0
фуражка мчс	https://storage.yandexcloud.net/aaa-project-100/44637441716.jpg	https://www.google.ru/search?q=фуражка мчс	44637441716	irrelevant	0000487dbf--6849553555b92009025f5bea	infinite	12	100.0
лабутены	https://storage.yandexcloud.net/aaa-project-100/44596065824.jpg	https://www.google.ru/search?q=лабутены	44596065824	irrelevant	0000487dbf--6849553555b92009025f5bec	infinite	16	100.0
лабутены	https://storage.yandexcloud.net/aaa-project-100/44595211462.jpg	https://www.google.ru/search?q=лабутены	44595211462	irrelevant	0000487dbf--6849553555b92009025f5bee	infinite	24	100.0
лабутены	https://storage.yandexcloud.net/aaa-project-100/44595717850.jpg	https://www.google.ru/search?q=лабутены	44595717850	irrelevant	0000487dbf--6849553555b92009025f5bf0	infinite	12	100.0
лабутены	https://storage.yandexcloud.net/aaa-project-100/44637441716.jpg	https://www.google.ru/search?q=лабутены	44637441716	irrelevant	0000487dbf--6849553555b92009025f5bf4	infinite	18	100.0
шлепанцы	https://storage.yandexcloud.net/aaa-project-100/44621640241.jpg	https://www.google.ru/search?q=шлепанцы	44621640241	irrelevant	0000487dbf--6849553555b92009025f5bf5	infinite	17	100.0
шлепанцы	https://storage.yandexcloud.net/aaa-project-100/44596065824.jpg	https://www.google.ru/search?q=шлепанцы	44596065824	irrelevant	0000487dbf--6849553555b92009025f5bf6	infinite	14	100.0
шлепанцы	https://storage.yandexcloud.net/aaa-project-100/44596024930.jpg	https://www.google.ru/search?q=шлепанцы	44596024930	irrelevant	0000487dbf--6849553555b92009025f5bf7	infinite	15	100.0
шлепанцы	https://storage.yandexcloud.net/aaa-project-100/44595721876.jpg	https://www.google.ru/search?q=шлепанцы	44595721876	irrelevant	0000487dbf--6849553555b92009025f5bf9	infinite	18	100.0
шлепанцы	https://storage.yandexcloud.net/aaa-project-100/44596621017.jpg	https://www.google.ru/search?q=шлепанцы	44596621017	irrelevant	0000487dbf--6849553555b92009025f5bfb	infinite	14	100.0
шлепанцы	https://storage.yandexcloud.net/aaa-project-100/44638367785.jpg	https://www.google.ru/search?q=шлепанцы	44638367785	irrelevant	0000487dbf--6849553555b92009025f5bfd	infinite	13	100.0
шлепанцы	https://storage.yandexcloud.net/aaa-project-100/44637441716.jpg	https://www.google.ru/search?q=шлепанцы	44637441716	irrelevant	0000487dbf--6849553555b92009025f5bfe	infinite	13	100.0
tabi	https://storage.yandexcloud.net/aaa-project-100/44596024930.jpg	https://www.google.ru/search?q=tabi	44596024930	irrelevant	0000487dbf--6849555f55b92009025f6434	infinite	12	91.666664
tabi	https://storage.yandexcloud.net/aaa-project-100/44595211462.jpg	https://www.google.ru/search?q=tabi	44595211462	irrelevant	0000487dbf--6849555f55b92009025f6435	infinite	16	100.0
tabi	https://storage.yandexcloud.net/aaa-project-100/44595717850.jpg	https://www.google.ru/search?q=tabi	44595717850	irrelevant	0000487dbf--6849555f55b92009025f6437	infinite	19	100.0
camelot	https://storage.yandexcloud.net/aaa-project-100/44595717850.jpg	https://www.google.ru/search?q=camelot	44595717850	irrelevant	0000487dbf--6849555f55b92009025f6441	infinite	16	100.0
camelot	https://storage.yandexcloud.net/aaa-project-100/44596514929.jpg	https://www.google.ru/search?q=camelot	44596514929	irrelevant	0000487dbf--6849555f55b92009025f6443	infinite	11	90.90909
camelot	https://storage.yandexcloud.net/aaa-project-100/44637441716.jpg	https://www.google.ru/search?q=camelot	44637441716	irrelevant	0000487dbf--6849555f55b92009025f6445	infinite	12	100.0
босоножки	https://storage.yandexcloud.net/aaa-project-100/44621640241.jpg	https://www.google.ru/search?q=босоножки	44621640241	irrelevant	0000487dbf--6849555f55b92009025f6449	infinite	17	100.0
босоножки	https://storage.yandexcloud.net/aaa-project-100/44554556532.jpg	https://www.google.ru/search?q=босоножки	44554556532	irrelevant	0000487dbf--6849555f55b92009025f644a	infinite	11	100.0
босоножки	https://storage.yandexcloud.net/aaa-project-100/44555165292.jpg	https://www.google.ru/search?q=босоножки	44555165292	irrelevant	0000487dbf--6849555f55b92009025f644b	infinite	16	100.0
босоножки	https://storage.yandexcloud.net/aaa-project-100/44554489356.jpg	https://www.google.ru/search?q=босоножки	44554489356	irrelevant	0000487dbf--6849555f55b92009025f644c	infinite	15	100.0
босоножки	https://storage.yandexcloud.net/aaa-project-100/44554534638.jpg	https://www.google.ru/search?q=босоножки	44554534638	irrelevant	0000487dbf--6849555f55b92009025f644f	infinite	16	93.75
kangol	https://storage.yandexcloud.net/aaa-project-100/44621640241.jpg	https://www.google.ru/search?q=kangol	44621640241	irrelevant	0000487dbf--6849555f55b92009025f6450	infinite	11	100.0
kangol	https://storage.yandexcloud.net/aaa-project-100/44596065824.jpg	https://www.google.ru/search?q=kangol	44596065824	irrelevant	0000487dbf--6849555f55b92009025f6451	infinite	13	100.0
kangol	https://storage.yandexcloud.net/aaa-project-100/44596024930.jpg	https://www.google.ru/search?q=kangol	44596024930	irrelevant	0000487dbf--6849555f55b92009025f6452	infinite	15	100.0
kangol	https://storage.yandexcloud.net/aaa-project-100/44595721876.jpg	https://www.google.ru/search?q=kangol	44595721876	irrelevant	0000487dbf--6849555f55b92009025f6454	infinite	11	100.0
vetements	https://storage.yandexcloud.net/aaa-project-100/44621640241.jpg	https://www.google.ru/search?q=vetements	44621640241	irrelevant	0000487dbf--6849555f55b92009025f645a	infinite	10	100.0
vetements	https://storage.yandexcloud.net/aaa-project-100/44596065824.jpg	https://www.google.ru/search?q=vetements	44596065824	irrelevant	0000487dbf--6849555f55b92009025f645b	infinite	15	100.0
vetements	https://storage.yandexcloud.net/aaa-project-100/44596024930.jpg	https://www.google.ru/search?q=vetements	44596024930	irrelevant	0000487dbf--6849555f55b92009025f645c	infinite	19	100.0
vetements	https://storage.yandexcloud.net/aaa-project-100/44547135917.jpg	https://www.google.ru/search?q=vetements	44547135917	irrelevant	0000487dbf--6849555f55b92009025f645f	infinite	11	100.0
vetements	https://storage.yandexcloud.net/aaa-project-100/44595717850.jpg	https://www.google.ru/search?q=vetements	44595717850	irrelevant	0000487dbf--6849555f55b92009025f6463	infinite	15	100.0
шопер	https://storage.yandexcloud.net/aaa-project-100/44596065824.jpg	https://www.google.ru/search?q=шопер	44596065824	irrelevant	0000487dbf--6849555f55b92009025f6465	infinite	10	100.0
шопер	https://storage.yandexcloud.net/aaa-project-100/44596024930.jpg	https://www.google.ru/search?q=шопер	44596024930	irrelevant	0000487dbf--6849555f55b92009025f6466	infinite	14	100.0
шопер	https://storage.yandexcloud.net/aaa-project-100/44595211462.jpg	https://www.google.ru/search?q=шопер	44595211462	irrelevant	0000487dbf--6849555f55b92009025f6467	infinite	16	100.0
шопер	https://storage.yandexcloud.net/aaa-project-100/44595721876.jpg	https://www.google.ru/search?q=шопер	44595721876	irrelevant	0000487dbf--6849555f55b92009025f6468	infinite	11	100.0
шопер	https://storage.yandexcloud.net/aaa-project-100/44595717850.jpg	https://www.google.ru/search?q=шопер	44595717850	irrelevant	0000487dbf--6849555f55b92009025f6469	infinite	19	100.0
шопер	https://storage.yandexcloud.net/aaa-project-100/44596621017.jpg	https://www.google.ru/search?q=шопер	44596621017	irrelevant	0000487dbf--6849555f55b92009025f646a	infinite	14	100.0
шопер	https://storage.yandexcloud.net/aaa-project-100/44637441716.jpg	https://www.google.ru/search?q=шопер	44637441716	irrelevant	0000487dbf--6849555f55b92009025f646d	infinite	18	100.0
японские	https://storage.yandexcloud.net/aaa-project-100/44621640241.jpg	https://www.google.ru/search?q=японские	44621640241	irrelevant	0000487dbf--6849555f55b92009025f646e	infinite	13	92.30769
японские	https://storage.yandexcloud.net/aaa-project-100/44596065824.jpg	https://www.google.ru/search?q=японские	44596065824	irrelevant	0000487dbf--6849555f55b92009025f6470	infinite	12	100.0
японские	https://storage.yandexcloud.net/aaa-project-100/44596514929.jpg	https://www.google.ru/search?q=японские	44596514929	irrelevant	0000487dbf--6849555f55b92009025f6472	infinite	14	100.0
японские	https://storage.yandexcloud.net/aaa-project-100/44595721876.jpg	https://www.google.ru/search?q=японские	44595721876	irrelevant	0000487dbf--6849555f55b92009025f6475	infinite	18	100.0
японские	https://storage.yandexcloud.net/aaa-project-100/44638367785.jpg	https://www.google.ru/search?q=японские	44638367785	irrelevant	0000487dbf--6849555f55b92009025f6476	infinite	15	100.0
японские	https://storage.yandexcloud.net/aaa-project-100/44637441716.jpg	https://www.google.ru/search?q=японские	44637441716	irrelevant	0000487dbf--6849555f55b92009025f6477	infinite	12	100.0
лоферы	https://storage.yandexcloud.net/aaa-project-100/44621640241.jpg	https://www.google.ru/search?q=лоферы	44621640241	irrelevant	0000487dbf--6849555f55b92009025f6478	infinite	15	100.0
лоферы	https://storage.yandexcloud.net/aaa-project-100/44596065824.jpg	https://www.google.ru/search?q=лоферы	44596065824	irrelevant	0000487dbf--6849555f55b92009025f6479	infinite	17	100.0
лоферы	https://storage.yandexcloud.net/aaa-project-100/44595717850.jpg	https://www.google.ru/search?q=лоферы	44595717850	irrelevant	0000487dbf--6849555f55b92009025f647d	infinite	12	100.0
лоферы	https://storage.yandexcloud.net/aaa-project-100/44595721876.jpg	https://www.google.ru/search?q=лоферы	44595721876	irrelevant	0000487dbf--6849555f55b92009025f647e	infinite	12	100.0
лоферы	https://storage.yandexcloud.net/aaa-project-100/44596514929.jpg	https://www.google.ru/search?q=лоферы	44596514929	irrelevant	0000487dbf--6849555f55b92009025f647f	infinite	11	100.0
лоферы	https://storage.yandexcloud.net/aaa-project-100/44618029482.jpg	https://www.google.ru/search?q=лоферы	44618029482	irrelevant	0000487dbf--6849555f55b92009025f6480	infinite	17	100.0
лоферы	https://storage.yandexcloud.net/aaa-project-100/44612088841.jpg	https://www.google.ru/search?q=лоферы	44612088841	irrelevant	0000487dbf--6849555f55b92009025f6481	infinite	11	100.0
speedtop	https://storage.yandexcloud.net/aaa-project-100/44621640241.jpg	https://www.google.ru/search?q=speedtop	44621640241	irrelevant	0000487dbf--6849555f55b92009025f6482	infinite	10	100.0
speedtop	https://storage.yandexcloud.net/aaa-project-100/44596024930.jpg	https://www.google.ru/search?q=speedtop	44596024930	irrelevant	0000487dbf--6849555f55b92009025f6484	infinite	13	92.30769
speedtop	https://storage.yandexcloud.net/aaa-project-100/44637441716.jpg	https://www.google.ru/search?q=speedtop	44637441716	irrelevant	0000487dbf--6849555f55b92009025f648b	infinite	12	100.0
ecco	https://storage.yandexcloud.net/aaa-project-100/44621640241.jpg	https://www.google.ru/search?q=ecco	44621640241	irrelevant	0000487dbf--6849555f55b92009025f648c	infinite	12	100.0
ecco	https://storage.yandexcloud.net/aaa-project-100/44595211462.jpg	https://www.google.ru/search?q=ecco	44595211462	irrelevant	0000487dbf--6849555f55b92009025f648f	infinite	14	100.0
ecco	https://storage.yandexcloud.net/aaa-project-100/44596514929.jpg	https://www.google.ru/search?q=ecco	44596514929	irrelevant	0000487dbf--6849555f55b92009025f6490	infinite	14	100.0
ecco	https://storage.yandexcloud.net/aaa-project-100/44595717850.jpg	https://www.google.ru/search?q=ecco	44595717850	irrelevant	0000487dbf--6849555f55b92009025f6491	infinite	12	100.0
ecco	https://storage.yandexcloud.net/aaa-project-100/44596621017.jpg	https://www.google.ru/search?q=ecco	44596621017	irrelevant	0000487dbf--6849555f55b92009025f6492	infinite	13	100.0
ecco	https://storage.yandexcloud.net/aaa-project-100/44638367785.jpg	https://www.google.ru/search?q=ecco	44638367785	irrelevant	0000487dbf--6849555f55b92009025f6495	infinite	10	100.0
stefanel	https://storage.yandexcloud.net/aaa-project-100/44595721876.jpg	https://www.google.ru/search?q=stefanel	44595721876	irrelevant	0000487dbf--6849555f55b92009025f649a	infinite	14	100.0
stefanel	https://storage.yandexcloud.net/aaa-project-100/44595717850.jpg	https://www.google.ru/search?q=stefanel	44595717850	irrelevant	0000487dbf--6849555f55b92009025f649b	infinite	12	100.0
stefanel	https://storage.yandexcloud.net/aaa-project-100/44596621017.jpg	https://www.google.ru/search?q=stefanel	44596621017	irrelevant	0000487dbf--6849555f55b92009025f649c	infinite	13	100.0
балетки	https://storage.yandexcloud.net/aaa-project-100/44596024930.jpg	https://www.google.ru/search?q=балетки	44596024930	irrelevant	0000487dbf--6849555f55b92009025f64a2	infinite	18	100.0
балетки	https://storage.yandexcloud.net/aaa-project-100/44621640241.jpg	https://www.google.ru/search?q=балетки	44621640241	irrelevant	0000487dbf--6849555f55b92009025f64a3	infinite	12	100.0
балетки	https://storage.yandexcloud.net/aaa-project-100/44595721876.jpg	https://www.google.ru/search?q=балетки	44595721876	irrelevant	0000487dbf--6849555f55b92009025f64a4	infinite	10	100.0
балетки	https://storage.yandexcloud.net/aaa-project-100/44595717850.jpg	https://www.google.ru/search?q=балетки	44595717850	irrelevant	0000487dbf--6849555f55b92009025f64a5	infinite	16	100.0
балетки	https://storage.yandexcloud.net/aaa-project-100/44596514929.jpg	https://www.google.ru/search?q=балетки	44596514929	irrelevant	0000487dbf--6849555f55b92009025f64a6	infinite	22	100.0
балетки	https://storage.yandexcloud.net/aaa-project-100/44596621017.jpg	https://www.google.ru/search?q=балетки	44596621017	irrelevant	0000487dbf--6849555f55b92009025f64a7	infinite	16	100.0
балетки	https://storage.yandexcloud.net/aaa-project-100/44555165292.jpg	https://www.google.ru/search?q=балетки	44555165292	irrelevant	0000487dbf--6849555f55b92009025f64a8	infinite	12	100.0
балетки	https://storage.yandexcloud.net/aaa-project-100/44556023255.jpg	https://www.google.ru/search?q=балетки	44556023255	irrelevant	0000487dbf--6849555f55b92009025f64a9	infinite	14	92.85714
стринги	https://storage.yandexcloud.net/aaa-project-100/44591022093.jpg	https://www.google.ru/search?q=стринги	44591022093	relevant	0000487dbf--6849555f55b92009025f64aa	infinite	9	77.77778
стринги	https://storage.yandexcloud.net/aaa-project-100/44588816485.jpg	https://www.google.ru/search?q=стринги	44588816485	relevant	0000487dbf--6849555f55b92009025f64ab	infinite	14	71.42857
стринги	https://storage.yandexcloud.net/aaa-project-100/44590340417.jpg	https://www.google.ru/search?q=стринги	44590340417	relevant	0000487dbf--6849555f55b92009025f64ad	infinite	17	70.588234
стринги	https://storage.yandexcloud.net/aaa-project-100/44590296490.jpg	https://www.google.ru/search?q=стринги	44590296490	relevant	0000487dbf--6849555f55b92009025f64ae	infinite	19	84.210526
стринги	https://storage.yandexcloud.net/aaa-project-100/44590256492.jpg	https://www.google.ru/search?q=стринги	44590256492	relevant	0000487dbf--6849555f55b92009025f64af	infinite	13	46.153847
стринги	https://storage.yandexcloud.net/aaa-project-100/44590353710.jpg	https://www.google.ru/search?q=стринги	44590353710	irrelevant	0000487dbf--6849555f55b92009025f64b0	infinite	16	31.25
стринги	https://storage.yandexcloud.net/aaa-project-100/44589400402.jpg	https://www.google.ru/search?q=стринги	44589400402	relevant	0000487dbf--6849555f55b92009025f64b1	infinite	14	85.71429
стринги	https://storage.yandexcloud.net/aaa-project-100/44588790910.jpg	https://www.google.ru/search?q=стринги	44588790910	relevant	0000487dbf--6849555f55b92009025f64b2	infinite	21	85.71429
стринги	https://storage.yandexcloud.net/aaa-project-100/44590312985.jpg	https://www.google.ru/search?q=стринги	44590312985	relevant	0000487dbf--6849555f55b92009025f64b3	infinite	12	83.333336
кроссовки	https://storage.yandexcloud.net/aaa-project-100/44596024930.jpg	https://www.google.ru/search?q=кроссовки	44596024930	irrelevant	0000487dbf--6849555f55b92009025f64b4	infinite	18	100.0
кроссовки	https://storage.yandexcloud.net/aaa-project-100/44596065824.jpg	https://www.google.ru/search?q=кроссовки	44596065824	irrelevant	0000487dbf--6849555f55b92009025f64b5	infinite	19	100.0
кроссовки	https://storage.yandexcloud.net/aaa-project-100/44595211462.jpg	https://www.google.ru/search?q=кроссовки	44595211462	irrelevant	0000487dbf--6849555f55b92009025f64b6	infinite	9	100.0
кроссовки	https://storage.yandexcloud.net/aaa-project-100/44621640241.jpg	https://www.google.ru/search?q=кроссовки	44621640241	irrelevant	0000487dbf--6849555f55b92009025f64b7	infinite	10	90.0
кроссовки	https://storage.yandexcloud.net/aaa-project-100/44595721876.jpg	https://www.google.ru/search?q=кроссовки	44595721876	irrelevant	0000487dbf--6849555f55b92009025f64b8	infinite	15	100.0
кроссовки	https://storage.yandexcloud.net/aaa-project-100/44595717850.jpg	https://www.google.ru/search?q=кроссовки	44595717850	irrelevant	0000487dbf--6849555f55b92009025f64b9	infinite	13	100.0
кроссовки	https://storage.yandexcloud.net/aaa-project-100/44596514929.jpg	https://www.google.ru/search?q=кроссовки	44596514929	irrelevant	0000487dbf--6849555f55b92009025f64ba	infinite	13	100.0
кроссовки	https://storage.yandexcloud.net/aaa-project-100/44596621017.jpg	https://www.google.ru/search?q=кроссовки	44596621017	irrelevant	0000487dbf--6849555f55b92009025f64bb	infinite	15	100.0
кроссовки	https://storage.yandexcloud.net/aaa-project-100/44638367785.jpg	https://www.google.ru/search?q=кроссовки	44638367785	irrelevant	0000487dbf--6849555f55b92009025f64bc	infinite	16	100.0
кроссовки	https://storage.yandexcloud.net/aaa-project-100/44637441716.jpg	https://www.google.ru/search?q=кроссовки	44637441716	irrelevant	0000487dbf--6849555f55b92009025f64bd	infinite	19	94.73684
khy одежда	https://storage.yandexcloud.net/aaa-project-100/44594686486.jpg	https://www.google.ru/search?q=khy одежда	44594686486	irrelevant	0000487dbf--6849555f55b92009025f64be	infinite	9	100.0
khy одежда	https://storage.yandexcloud.net/aaa-project-100/44630386189.jpg	https://www.google.ru/search?q=khy одежда	44630386189	irrelevant	0000487dbf--6849555f55b92009025f64bf	infinite	12	100.0
khy одежда	https://storage.yandexcloud.net/aaa-project-100/44639871479.jpg	https://www.google.ru/search?q=khy одежда	44639871479	irrelevant	0000487dbf--6849555f55b92009025f64c0	infinite	17	100.0
khy одежда	https://storage.yandexcloud.net/aaa-project-100/44647552859.jpg	https://www.google.ru/search?q=khy одежда	44647552859	irrelevant	0000487dbf--6849555f55b92009025f64c1	infinite	19	94.73684
khy одежда	https://storage.yandexcloud.net/aaa-project-100/44551567829.jpg	https://www.google.ru/search?q=khy одежда	44551567829	relevant	0000487dbf--6849555f55b92009025f64c2	infinite	13	30.76923
khy одежда	https://storage.yandexcloud.net/aaa-project-100/44551587848.jpg	https://www.google.ru/search?q=khy одежда	44551587848	irrelevant	0000487dbf--6849555f55b92009025f64c3	infinite	14	78.57143
khy одежда	https://storage.yandexcloud.net/aaa-project-100/44582659610.jpg	https://www.google.ru/search?q=khy одежда	44582659610	irrelevant	0000487dbf--6849555f55b92009025f64c4	infinite	14	100.0
khy одежда	https://storage.yandexcloud.net/aaa-project-100/44557927609.jpg	https://www.google.ru/search?q=khy одежда	44557927609	irrelevant	0000487dbf--6849555f55b92009025f64c5	infinite	15	100.0
khy одежда	https://storage.yandexcloud.net/aaa-project-100/44651658061.jpg	https://www.google.ru/search?q=khy одежда	44651658061	relevant	0000487dbf--6849555f55b92009025f64c6	infinite	17	11.764706
khy одежда	https://storage.yandexcloud.net/aaa-project-100/44654023023.jpg	https://www.google.ru/search?q=khy одежда	44654023023	irrelevant	0000487dbf--6849555f55b92009025f64c7	infinite	15	53.333332
